ID,CONTEXT,LABEL
1,"慕炫兰抹净眼眶里会烫热她的心的泪水，把细软收拾好后，将包袱	挂在手臂上，转身面对那个恨鸟入骨的朝歌。",1
2,"忽然想到一事，说：“险些忘了，你们姐妹俩明儿个就要上沧山，包袱	收拾好了没？”",1
3,"小柿子刚推开门，见小虎在屋中拿着包着金乌的包袱	，似乎正要打开，听见有动静，一回头，看见小柿子…",1
4,"...我看那老头身后背着的八成就是。”方枕寒暗想，那老者身上背的包袱	里十有八九是某种兵器，难道这么多人如此兴师动众…",1
5,区华拿了一块钱茶钱把他打发走了，就叫周炳收拾包袱回家。,1
6,"“谢谢！请问尊姓大名？”青衫青年拍开夏次健的穴道，一放下小包袱	，立即掠向林中。",1
7,刚说完这句话没多久，已有个戴着红樱帽的官差．手里提着个黄布包袱，大摇大摆的从土坡下走了上来，四下张望了几眼。,1
8,行者低头打开包袱，就地挝把尘土，往上一洒，念个咒语，乃是个定身咒。,1
9,"...塑料座椅一字排开，屋顶上悬挂了两部崭新的电视，上百名带着大小	包袱	的缅甸人正在候车，在几部巨大风扇的轰鸣声中，车站广播员不时播报…",1
10,"行者低头打开包袱	，就地挝把尘土，往上一洒，念个咒语，乃是个定身咒。",1
11,解英冈拔出包袱中一刀、一剑，大声道：“要死，死在一块。”,1
12,"紫薇看着包袱	画过空中，不禁狂奔过去接包袱。",1
13,这两人没带什么行装，通共只有一个小包袱，由那小童背着。包袱里又露出一把剑的剑柄，令人容易猜到他们是武林人士,1
14,...瞅它，扔了一节过去。跑反两天。带出来的干粮也吃得差不多了，包袱里只剩下两块山芋和棒面贴饼。省着吃还能将就天把...,1
15,...泰突道：“你与他们无冤无仇，到时说明可保无恙。”解英冈拔出包袱中一刀、一剑，大声道：“要死，死在一块。”凝蓝...,1
16,...纫工和补鞋匠再也不用来五班和七班了。潘珍奇当兵一年多，现在包袱里还有崭新的解放鞋三双，布鞋一双，衣服四套，裤...,1
17,...没戏可唱了，大吼一声，抛出手中包袱，乘机飞逃而去。紫薇看着包袱画过空中，不禁狂奔过去接包袱。紫薇尚未接到包袱...,1
18,...？快点把它埋了吧。要不然，死去的人也升不了天。”房子慌忙用包袱皮盖住白布裹着的骨灰盒。房子记得自己曾经和母亲...,1
19,...他有什么事，不敢拦阻，只请他将亭中角落摆着的包袱拿来。一则包袱里面有些银子，二则这身衣撕破了，而且渍染不少污...,1
20,...子，这两人没带什么行装，通共只有一个小包袱，由那小童背着。包袱里又露出一把剑的剑柄，令人容易猜到他们是武林人...,1
21,...眼，随即跑开了。她待在那里，十分惊讶。过了一会，他带着一个包袱回来，扔到她的脚下。这是一些好心的妇女放在教堂...,1
22,...儿还有一些东西，你们先拿去填肚子。”田蜜从诸葛擎的身上取过包袱，拿出剩余的一些干粮放在他们面前。只见有几位年...,1
23,...厚道人！阿庆嫂（向少女）回去吧。少女他还抢我包袱哪！阿庆嫂包袱？他哪能要你的包袱啊！（向刁小三）跟她闹着玩哪...,1
24,...不到粮米，几十万逃难的流民把路上的树皮都给啃光了。牧云笙的包袱中，那仅剩的几张饼成了稀世之宝，只有在深夜或人...,1
25,...屏回襄阳，给了她足够的盘缠钱，要开船了，翠屏却拎着自己的小包袱，跳上码头，直奔梁富堂的小屋。二梁家办丝绸庄，...,1
26,...，肚破肠流惨状，他简直抓狂。怒喝一声：“大胆凶僧纳命来！”包袱丢挂于背上书箱，右手提出剑指，再喝一声烈阳真火...,1
27,...…”他反而疏忽了这问题。他记得带她走时，她仅背着一个小小的包袱，看来里面也不可能有什么东西——包括衣物。小二...,1
28,...座位上，淡绿色的毛线围巾仍旧裹着她那满是皲裂的双颊，捧着大包袱的手里紧紧攥着那张三等车票。直到这时我才聊以忘...,1
29,...痹的双腿缓慢地走至她的跟前，看她不发一言地自总管的手上拿来包袱，转将它交至自己的手上。“二娘，这是……”捧着...,1
30,...年没见阳光，新厂成了当地的包袱。江阴市第三针织厂相中了这个包袱，今年４月终于与对方达成协议，先买下了该厂的产...,1
31,...天泪眼汪汪的哭诉黎若星抢了他老婆。凯罗更好玩，她老是背着小包袱四处流浪。每次回来，家可以不回，却不可以不来看...,1
32,...他提出第二个请求之前杀了他。“好吧。”贺小舟说，“拿起你的包袱。”他的声音仍是冷冰冰的。偷渡客慢慢弯下腰拾起...,1
33,...。是了，八成是他。冷傲霜皱起细眉，冷哼一声，带了一个简单的包袱和一个小陶瓮，头也不回地离开了这居住十余年的地...,1
34,...时伤病员们已经要分散到各个村子里去，他们打起兵上的寒他的小包袱，带着凄凉的微笑眼大家一一握手告别。护士检查了...,1
35,...，直问：“我们姑奶奶呢？”这时周成才说，头天下晚看她夹着纸包袱出城还愿去了。参领说：“阿弥陀佛，脱过这场灾就...,1
36,...，有d饱添。吃饱就想睡，我猪啊。回到省公司立马打的回家扔下包袱再会合姐妹们等我啊。我地究竟去边度好啊。第一次...,1
37,...动一下。“发烧？不知道有没有退烧药？”佑诗嘀咕着，将怀中的包袱放在地上摊开，在一堆药瓶中翻找她需要的药。“找...,1
38,...好干惠阳！。齐金蝉自知它苦役工作，必定不知外用算便道：“托包袱里头有主，不能离身，你到里头拿来腊肉历味，我的...,1
39,...然陌生的村落，第一次走进了方家的大门。她还记得自己拎着个小包袱，瑟缩而颤栗的站在方家的大厅内，像个小小的待决...,1
40,...走吧，别啰嗦了。焦柳这么说着，自己空着手在前面走，小姨拎着包袱，领着焦建国和我在后面跟着。出了门，走到村前大...,1
41,...“陈静静：“嗯。”陆小凤：“找我干什么？”陈静静指着桌上的包袱：“替你送下酒的菜来。”她微笑着打开包袱，又：...,1
42,...服。这时，四周响起了一个震天彩。李小刀子如同中邪，从打开的包袱里取出了一把小刀，走上前去。金鸡三点头。头一刀...,1
43,...17日的清晨，她站在朝思暮想了10多年的宜宾的家门前。手中的包袱掉到了地上，她一下子扑倒在老父亲的脚下……舒友...,1
44,...往皮袋里砸。竹笔老满拉脱得仔细，一件包上一件，包了一个四方包袱。竹笔老满拉最末了卸下那件血衣裳。伊斯儿瞪他。...,1
45,...破木箱，一张长方桌放在从云彩缝里射出来的阳光下，上边晒着大包袱。王大妈正在生着焊活和作饭两用的小煤球炉子。东...,1
46,...亲！！方哥請我下館子撐的快爆胎了SOS！今天阳光明媚的收拾个包袱买好多零食出门郊游去～～～谢谢阿拉新年好啊红包...,1
47,...受了风寒，把我赶出去怎么办？”她从衣柜的下方空隙拿出自己的包袱，开始脱下湿透的衣服。“如果把湿衣晒在柜子上头...,1
48,...绕着的小巷。“不管那个叫做有夏月的人多么厉害，拖着这样一堆包袱的话，全军覆没只是时间问题。”“我、我们要去哪...,1
49,...久的妻子宫嫱柳虽然没有娘家可回去，但是灭明更怕她发起火来，包袱收一枚就跑去台北找他老爸，要如道他父亲东方旭早...,1
50,...去，果然大门是敞开的，那两人就在门外僵持不下。燕悔拎着个小包袱，萧福则张开双手挡住她的去路，她走他追，还苦苦...,1
51,...：“站住！”〔一妇女跑下。〔内喊：“站住！”刁小三追逐一挟包袱的少女上。刁小三站住！老子们抗日救国，给你们赶...,1
52,...道多说无益，大哥已经决定的事，谁也撼动不了。他拿起项虞贞的包袱，迅速驱马赶上尉迟策。只是……他几乎已经可以预...,1
53,...都快停止了。朱妈第二天又去了一趟清云寺，朱妈带了一个包袱，包袱里有七百块钱和一对金耳环，钱是朱妈寄往海城老家...,1
54,...成，三角形的边线是可以折起、连接的，所以你可以把它当做一块包袱皮。用包裹而不是填装的方式来整理行李，这是一种...,1
55,...上，缓缓走来一个青年书生，但见他一袭白衣，跨着沉甸甸的青布包袱，一副赶考举子的模样。这书生并非旁人，正是昨日...,1
56,...”大概是主人从“日本堤”警察分局回来了。车夫递出一个好大的包袱，主人叫女仆接过，便悠然跨进了客室。“啊，来啦...,1
57,...！此人生就一张白惨惨的丧门脸，赤发苍须，身穿黄衫，背负黄布包袱，胁挟油纸雨伞，赫然正是鬼见愁阎弘！董百川瞧得...,1
58,...理可证，反之是愈小愈辛辣，更胜于老姜数分，所以她才早早收拾包袱逃生去，顺便造福亚雷小舅。外人也许不清楚卡登家...,1
59,...面前说：“爸爸在信里让我们把这个包袱亲自交给你。”向南接过包袱，抖着手打开来，见里面是余子期的诗集和他为她准...,1
60,...心点的好。”他摆手示意，其中一个大汉立即拆开包袱。但见一个包袱装满了衣服，另一个包袱则是兵器。那些衣服，都是...,1
61,...呢？”“不知道。”两个人刚要出去找，小柿子拿着孟萍萍给她的包袱走了进来。“喂，你怎么才来？”小柿子径直走到杨...,1
62,...时替你保管，到了地头再还给卫施主。”秦宝宝十分得意将“元宝包袱”丢给别人，道：“这么笨重的东西我哥哥才不想要...,1
63,...艾老那种年纪，还真得略具慧根，才会顿悟。不过，届时也得收拾包袱准备到另外一个世界去生活了。丹青看着胡世真出门...,1
64,...，我还有件东西要给你看。”他从旁边捧出了青色丝绢缠绕的长形包袱，姬野看着丝绢面上纹绣的花纹，觉得极其的眼熟。...,1
65,...空消失了一样，最后的线索是城外一间破庙里的包袱。小翠证实那包袱确实为燕悔所有，但也仅是如此了。却没有人看见燕...,1
66,...个包袱裹着的，是一件件满族吉福，连袍带褂，整整齐齐地叠放在包袱内。每一件新衣都绣工精细、色泽鲜丽，甚至带着淡...,1
67,...是绮凤娇变卖了她房间里的一切用物，把衣服细软打成两个大大的包袱，跟克勤坐船往上海去了。心锦责怪心碧说，不该由...,1
68,...。大妈生好了煤球炉子，仰头看着天色，小心翼翼地抱起桌上的大包袱来，往屋里收。二春正走到房门口，顺手接进去。大...,1
69,...冷傲的男人想凭自己的力量救他的女人，所以戚侠禹也不勉强他，包袱收一收就带着冷雪踏上中断许久的寻人之旅。这一天...,1
70,...不同。爽爽爽！我是好运女……哈哈！早鸭起来的人最乖的，拿起包袱上班去！有冇人陪我去！点解15号车可以甘臭……那...,1
71,...？”窝囊废笑得有点儿勉强。宝庆把他的东西收拾到一块儿，拿块包袱皮包了，挟在胳肢窝里。他在穿上最好的衣服之前，...,1
72,...真出乎意料啊人生中第N+1个光棍节快乐~！下午教授停课，收拾包袱，果断回家~！看得太多，腻了！要不来点新的，剧情...,1
73,...公公，刚才真是谢谢你们的帮忙，这些银子送给你们。”段玉蝶将包袱递给老公公。“不用啦！我和阿凤真的是来投靠我们...,1
74,...径策马驰回家中。他略略收拾一下，将内衣银子等物，打点成一个包袱，用那镔铁禅杖挑着，别过老家人夫妇，也不再往兄...,1
75,...也向自己提出同样的问题。此时，风野忽然感到眼前的袊子是个大包袱。以后是不是走到哪儿都得背着这个包袱呢？心中不...,2
76,...刚生出的负疚感一下子变成了罪恶感。我就做得对吗？我像扔一个包袱一样，把它扔掉了，再不管她的死活。我分明知道她...,2
77,...还分散了企业领导抓生产的时间和精力，成为制约企业发展的一个包袱。今年初以来，随着思想观念的进一步更新，一些文...,2
78,...了该项收费是擅自设立的，是一种乱收费。将经营农村电话的亏损包袱转嫁到农民头上，有何法律依据？据本人所知，农村...,2
79,...村的难度越大。“政治账”压倒了“经济账”，使电力企业背上了包袱，这在一定程度上挫伤了电力企业消灭无电村的积极...,2
80,...教育养子失误，原因是复杂的，但从他主观来说，主要是背了个“包袱”——非亲生的儿子、亡友的后代……因此，对养子...,2
81,...车，在中途将押送的货车调了包。但“符号”却背上了沉重的心理包袱：一是克莱莉多次指示行动“只许成功，不许失败”...,2
82,...他会受不了的……”“疯什么？久病无真情，他正巴不得丢掉你这包袱，你别再痴心妄想了！”杏霞大声说。门已开，意芊...,2
83,...底，变以前的暗收入为收入，调动了业务人员的积极性。为了抛开包袱，轻装上阵，张洪禄提出把医院、托儿所、食堂、车...,2
84,...则改之，无则加勉，照样吃饭，照样往前走路。如果把批评都变成包袱背着，那我早就走不动了。对于批评中的是非，有些...,2
85,...藉吧...今天听老者一席话，卸下一些不知道什么时候加给自己的包袱，但同时也不知道为什么觉得紧张。我是一个随性的...,2
86,...著的成效。这些年来我们从不抱着优质产品不放，背上优质名牌的包袱而固步自封。我们深知用户需求在变，市场形势也在...,2
87,...市里的国企大盘股，在背负着历史荣耀的同时也背负着沉重的历史包袱。因此有人说，大光明与环艺的竞争从一开始就是不...,2
88,...社既不是就扭亏而抓扭亏，也没有依赖政府一揽子解决所有历史性包袱，而是立足治本，把改革作为扭亏增盈的根本出路。...,2
89,...达手段。随着最初的人感到记忆力负担过重，随着人类各种记忆的包袱变得太沉重、太混杂，以至光凭直接和飘忽的言词便...,2
90,...假成真起来，俨然有了个架子。这个架子是很不妙的，这是一个“包袱”，一个负担，背着它就不好往前进。我们的这些同...,2
91,...下外套，一头倒往背后的草地。“那……你不饿吗？”想到她刚才包袱一收，走人上路的德行，他终于忍不住咧嘴一笑。“...,2
92,...顾问８７５家。郴州市永丰公司原来单纯经营运输业务，人多事少包袱重，且管理混乱，连年亏损，面临倒闭。银光律师事...,2
93,...一方面，受传统观念的影响，一些政府和企业的领导仍把废物视作包袱，不愿意在综合利用上动脑子、下功夫，在招商引资...,2
94,...差生”名称，就产生不应有的厌弃和自弃心理，可以放下不该背的包袱；使师生见到“潜能生”的名称，便产生开掘、奋起...,2
95,...。由于他们是在思想解放运动中受的高等教育，精神世界中因袭的包袱较少，又受到少年时理想主义教育的激励，所以带着...,2
96,...激化，指望依靠市场发育支柱产业、自发形成企业集团，对于历史包袱沉重的国有企业而言，既不公平，也不现实。为了保...,2
97,...，这是建立现代企业制度的保证。传统的计划经济造成的各类经济包袱，已使一部分老的国有建材企业困难重重，如果这些...,2
98,...动价格，每吨在出厂时就亏损１８７．３９元。马力越开足，亏损包袱背得就越重，这也就难怪化肥厂的产量下跌。当然，...,2
99,...模所必需的资金；———同时扭转经营亏损，卸下政府的财政补贴包袱；———加强经营灵活性，提高效率，改进服务质量...,2
100,...而不紧，管而不细，大包大揽他们的亏损，往往会使它成为企业的包袱，影响企业整体效益。必须懂得，在社会主义市场经...,2
101,...彻民主集中制对立起来，从而把企业党组织参与重大问题决策看作包袱，或者使其实，坚持厂长经理负责制与企业党组织参...,2
102,...点点，降到200刚才我佬打来也讲话奶奶入院了。。。背负越多，包袱越重，渐渐失去天真烂漫的笑容，我还是努力笑，笑...,2
103,...的情况下，投巨资盲目设立了40多个分公司，最后成为背不起的“包袱”，科学决策何在？现代企业制度要求企业有科学的...,2
104,...是被欺负的那个～二货！爱情买卖和老袁那个绿帽子一样是万年大包袱啊《爱情买卖》榜上提名的都不足以概括我的2011//你...,2
105,...我已有足够行头。”这是祖琪的优点，她不贪心，但求安身。她的包袱暂时放下。结婚目的也已经达到。“还有半日时间，...,2
106,...儿”。我觉得他说的灰常有道理啊。当你放下努力讨好别人欢心的包袱的时候，你瞬间觉得世界原来这么美好，阳光这么灿...,2
107,...容易。设备严重老化，不改造将逐步被淘汰，企业背着亏损的沉重包袱，既要维持生产，又要消化潜亏因素，其难度可想而...,2
108,...心理压力，而对手葡萄牙队在“必胜”的期待中，反而有可能背上包袱。■...,2
109,...的帮助他们复工复职，使因刘少奇同志冤案受株连的同志解除思想包袱，调动了积极性。（杨鹏、李家驹、吴谋德、蒋长值...,2
110,...幅度提高全体人民特别是青少年人口平均文化程度，将沉重的人口包袱开发成巨大的人力资源。其具体设想是：在城市，初...,2
111,...。负起责任才是自由轻松之道，逃避责任，反而是背负着沉甸甸的包袱，而把自己压垮。”所以逃避责任，亦是在逃避自由...,2
112,...名气有时候就像是包袱，名气越大，包袱越重，最可怕的是，这个包袱里什么都有。——有声誉、有财富、有地位、有朋友...,2
113,...贷款内部剥离，成立专门机构负责清收转化，使大多数行甩掉经营包袱，轻装上阵。加强债权管理，加大依法收贷、收力度...,2
114,...恋就好，偏偏他们不是，而且她深信，就某方面而言，他所承受的包袱远比她多许多。她是他全世界最不该想也不能想的人...,2
115,...内部工作，尤其要抓效益的提高。陈皓东（天津）：国有企业历史包袱怎么解决，政府工作报告中提出的具体办法不多。建...,2
116,...到中年再聚首，婚姻，事业，家庭，健康，各自背负着自己的人生包袱。面对多年友人，夹杂着爱情，愧疚、感恩与赎罪的...,2
117,...工程灵修时听到这么一段故事。在人生路途当中。路上很多一个个包袱，走过的人一个个捡起来。越背越重。神对背着包袱...,2
118,...令许多消费者望而却步，如今车到手了，消费者还要为使用它背上包袱，人们不免感叹：既然用不起它，何必去买它！消费...,2
119,...管理，解决了国家包袱太重的问题，丰宁穷，更应该为国家财政减包袱，但是我从５０年代就干教育，对丰宁教育做过认真...,2
120,...。三个包袱是：害怕资源卖不出去或缺乏资源的包袱；缺乏技术的包袱；没有资金的包袱。三条道路是：走“原料——技术...,2
121,...指导下进行。《人民日报》〔１９９８０１２０№Ｌ〕垃圾成资源包袱变财富徐科目前我国生活垃圾无害化处理率不到２％...,2
122,...收破产企业的职工，这１４００名破产企业的职工可是一个沉重的包袱啊！对这笔账，李保平有自己的算法。他认为，凤台...,2
123,...前普遍存在着“小而全”、“大而全”的现象，企业办社会的历史包袱沉重，致使一些改制后的国有建筑企业经营机制仍然...,2
124,...件下，利差收入的减少将直接影响国有银行的盈利能力和消化历史包袱的能力，拖延国有银行的转制时间，并对国有商业银...,2
125,...作片了一向十分注意外表的周杰伦，这次和林导合作甘于放下偶像包袱，包白头巾扮印度男，连他自己也觉可笑：“《逆战...,2
126,...样的家庭用车。其原因在于：民营企业既没有国有企业那种因历史包袱而造成的成本负担，也没有国外同行那种因配件和劳...,2
127,...！我家也是！其实我最享受往外扔没有存在价值的东西时那种舍弃包袱累赘的快感！可是家里有一个和你刚好相反的人，甚...,2
128,...经济和道德是分离的，并传统道德为阻碍我国向现代化迈进的历史包袱予以全盘否定。对法律在社会控制中的作用情有独钟...,2
129,...发生新的困难。这些企业又分几种情况：一是企业没有太大的债务包袱，但当前产品的市场和效益情况不好；二是企业当前...,2
130,...排名第一的荷兰队。中国女曲目前士气高涨，闯入决赛已没有任何包袱，放手一搏并非没有把荷兰拉下马的可能。中国队另...,2
131,...亩、十亩地用。要下决心改变农业内部结构，不要背“粮食自给”包袱，放开手脚发展多种经营，适合种什么就种什么，社...,2
132,...怕对你不是一件轻松的事。○作为一个演员，经验太多反而是一个包袱。这次创作窦太后，我不能把武则天的经验放到她的...,2
133,...部管理、领导班子等方面符合有关条件，方有可能入选。银行卸了包袱国有商业银行不良贷款数额大，比例高，既有在计划...,2
134,...了亏损的县木器厂、县国营经过技改、改革、开发、转产，三个“包袱”奇迹般地变成了五药厂的辅料分厂、包装物分厂和...,2
135,...的正常维护支出都不够，更谈不上水库设施的维护、更新。（４）包袱重，社会摊派多。由于水管单位对外宣传不够，向上...,2
136,...用活、用足；相反，还把人养懒了，把路养差了，把行业和单位的包袱养大了。如果我们不进行公路养护市场化改革，就难...,2
137,...彻底清算，是日本向政治大国发展的障碍，日本至今仍背着过去的包袱，还没有真正向亚洲人民敞开心扉。以日本宪法学者...,2
138,...要在一起》亮点极多……只可惜，唉……又看的时候看看吧~偶像包袱都丢拉。自己欢就好嗷嗷嗷嗷、//好可爱每一个努力...,2
139,...向小舞，看见向小舞的眼晴再次泛起泪光。那么残忍、那么沉痛的包袱，他竟独自背了那么久，教他如何舍得？＂没有人比...,2
140,...型钢厂只轧了２６００多吨螺纹钢就停产了，使化厂背上了沉重的包袱，仅贷款利息每年就要支付上百万元。到今年３月份...,2
141,...难免会在宪法文件中及其他法律文件中有所流露。这是历史留下的包袱。如果用现在的眼光审视，其立法权为什么至今没有...,2
142,...专业化企业，实行行业管理，既搞活了大中型企业，为企业放下了包袱，同时也为线找到了生存权。这是大中型企业调整经...,2
143,...很自然的。爱总是不错的。这不是罪过，首先应该放下这种自罪的包袱。你要做的首先是减轻自己的焦灼，消除一切不必要...,2
144,...扰很多想在国内上市的个人消费类的企业，是中国特色。冯巩喜哈包袱铺出场今天路上行人挺少的，车子也没前几天堵了，...,2
145,...贷款的现象，则我国银行不仅要背负已形成的大量不良资产的历史包袱，而且还要比外国银行更多地考虑放款能否收回的问...,2
146,...作用，是个值得重视的问题。有些地方的供销社把这些同志当成“包袱”，一讲到效益不行，就说“我们多是老弱病残”，...,2
147,...，总是一种部管理，更重要的是要研究市场需求，因此，我负担和包袱，兼并得好坏，关系到大本营的稳定们提出了用两年...,2
148,...二十一万多元的债务，工人工资也发不出。小瓷厂成了县里的一大包袱。改革的春风，给这个小厂带来了起死回生的活力。...,2
149,...那么多护林费用，却没有收入，把它承包出去，大队就卸下了个大包袱，集体不投工投钱，收益还能得大头，荒山又能造林...,2
150,...校得不到老师的关心，放任自流，甚至有的对“双差生”采取卸“包袱”的做法，用劝退、动员转学等办法，让他们流向社...,2
151,...备正常运转率低，产品合格率低，企业靠补贴，成了县财政的一大包袱。今年六月，该厂在干部、工人中全面实行工资奖金...,2
152,...增收500多万元。干部轮岗分流，由吃税人变成了纳税人，由人才包袱变成了增加财政收入的力量，也为他们在经济主战场...,2
153,...本性将毫不留情地排除一切非生产经营因素的干扰，甩掉企业的“包袱”，实现要素的合理组合和技术进步。由于合资企业...,2
154,...球锦标赛的第一分，也是最后一分。由于没有了出线的希望，卸下包袱的国少队在比赛开始阶段打得比较放松。第36分钟，...,2
155,...家最重要的财富，是财政收入的支柱，如果搞不好，或者变成财政包袱，想想看会出现什么结局。基于这个原因，我们这些...,2
156,...乡镇兽医站才能卸下那些管不了，管不好，背不起，推不掉的沉重包袱，发挥出真正的服务功能。只有进行基层兽医体制的...,2
157,...障碍，查各部机件的技术状况，做到不带思想包袱出车，不带机件包袱出车。行车时，按照“一分为二”的观点，经常分析...,2
158,...不前的话，在另一些学校则出现了急着与“儿子分家”、甩后勤“包袱”的倾向。“校长曾对我说，学生食堂的房子设备都...,2
159,...结果“皇冠”落地。谢军此行，不负重托，记取前人的教训，丢下包袱，轻装前进。比赛一开始她就以战斗者的姿态出现在...,2
160,...痹的双腿缓慢地走至她的跟前，看她不发一言地自总管的手上拿来包袱，转将它交至自己的手上。“二娘，这是……”捧着...,2
161,...、粉煤灰以及生产后的各种工业废渣，昔日这些令企业头疼的环保包袱，如今正成为沙县建材业中不可多得的原料资源。近...,2
162,...包袱，背在背上二十年了，又重又累又闷，昨天我找到一个人，把包袱交给他了，他说他会负责任，所以我很快乐。”他僵...,2
163,...地存在着把穷的原因归咎于高产的倾向。然而，当粮食大县被当做包袱甩掉后，县里的粮食收购会常常就变成了“急眼会”...,2
164,...项决赛，在鞍马项目上夺标呼声最高的中国年轻小将肖钦由于思想包袱过重，发挥失常，只列第七名。而赛前并不被看好的...,2
165,...分行业看，主要集中于煤炭、纺织等行业；而且大部分是由于历史包袱，早就存在的。王忠禹指出，导致企业停产和开工不...,2
166,...刚进入审判庭时双腿颤抖，后来逐步消除了紧张心理，放下了思想包袱。鉴于他犯罪以后投案自首，而且是从犯，庭审中认...,2
167,...和经营不善，长期拖欠电厂热费达数百万元，成了供热生产的巨大包袱，电厂业务人员多次上门催收，但对方无力缴纳欠费...,2
168,...人员与一线人让沉淀的资产活起来分离企业办社会的职能，是解开包袱，深化企业体制改革，迈向现代企业制度之必需。他...,2
169,...应，农业基础脆弱，抗灾能力不强。部分国有企业缺乏活力，历史包袱和社会负担沉重，设备陈旧，技术落后，管理不善，...,2
170,...牺牲了自己的前途？我……只会成为一个令你一生透不过气的沉重包袱，我会……”“误你一生！”应雄乍闻此语，却依旧...,2
171,...给忘得精光，几分钟就彻底缴械投降。年轻队员的优势本该是没有包袱，没有压力，有冲劲，但目前“小鲨们”缺乏的似乎...,2
172,...惑。只有达到这样的境界，终身教授的称谓才不会成为他事业上的包袱。刘亚伟说，在美国从助理教授到终审副教授其实就...,2
173,...我的同情心消失全无，厌恶加倍增长。我想，我终于可以卸下心头包袱，轻轻松松从这里走出去，从此再也不必见此人的面...,2
174,...偿投资改为贷款，这样就使双阳水泥厂一投产就背上了沉重的债务包袱，从１９９３年投产到１９９６年，尽管年年增产，...,2
175,...的自尊。要超脱，首先得洒脱。身无羁绊，曲直自如，放下心里的包袱，才能轻松上路，挺腰跨步。久历红尘，才能顿悟万...,2
176,...位子上。水泥厂完全是靠贷款建起来的，资本结构不合理，企业的包袱太重。企业工厂制的管理模式老旧、死板，不适应市...,2
177,...搬西方经济学；是下决心、想办法把国有企业改好搞好；还是当作包袱甩掉了事；在国有经济和集体经济中，是肯定还是否...,2
178,...之仇和小组出线必须得分的双重压力，英格兰人将背上沉重的心理包袱。■...,2
179,...去、喲～可以笑到下年、真係醜態盡露、恭喜你終於放低你個偶像包袱、今日开始才是真正得广州城//我已經相信有些人我...,2
180,...全省引起很大反响。我们收到了大量的来稿。对放下“粮食自给”包袱，不论是赞成的意见，还是有不同的看法，都是为了...,2
181,...益环中最低的一部分……上游可以拍拍屁股轻松转型，扔给我们的包袱可太重了……春秋战国故事多，值得人们多琢磨深谋...,2
182,...强大的好处，而恰恰证明即使在专制体制、垄断横行、国家不断甩包袱、去福利化的情况下，市场经济也证明了自己的奇迹...,2
183,...金加以解决，从而有望抑制金融系统的恶性循环，摆脱这个沉重的包袱。但是展现在日本经济发展面前的远不是一片玫瑰色...,2
184,...奢望和他论及未来，因为没有一个男人会愿意承担她肩上那沉重的包袱，更没有一个男人会谅解那一段她抹不掉的过去。想...,2
185,...关深化改革规定，难于贯彻。有些地方政府，则总想及早卸掉这些包袱，特别是一些国有小企业和一些亏损集体企业，愿意...,2
186,...们南航附中打，算他们倒霉！呵呵，也许到了今天，他们就得拣起包袱就回家！”那位学生模样的观众哈哈的大笑道。“你...,2
187,...将职工工作中的错误倾向和苗头解决在萌芽状态，让职工放下思想包袱轻松地去工作。四是，当职工工作、生活中遇到困难...,2
188,...有意无意地削弱了农业科技队伍。有的把农技推广部门当成“财政包袱”，不区分不同情况，采取“一刀切”的做法，或财...,2
189,...，１０万名职工还要背近３万名离退休职工和富余人员开支的沉重包袱，使得不少国有运输企业严重亏损，全行业陷入困境...,2
190,...补贴，需要足够的资金支持，政府财政也将因此而背上十分沉重的包袱。如：政府对北京地铁运营亏损补贴开始每年是５亿...,2
191,...的话，这个责任最终要我来负。我岂不要永远背上一个沉重的精神包袱吗？这样，我还会有什么快乐和幸福？但是，我们是...,2
192,...没能做到经济上的独立核算，成本不明，利润不清，电信觉得是“包袱”，邮政认为有依靠，行业发展就没有原动力；二是...,2
193,...到归宿。要你改变，是为了让你能配得上更好的对象，否则你这个包袱会一直卸不下。”“我只是个包袱？一直只是个包袱...,2
194,...再贷款和农业发展银行发放的粮棉收购贷款。由于农村信用社历史包袱沉重、经营机制不完善、自我发展能力较弱，在资金...,2
195,...解到这一情况后，一方面与其促膝谈心，真诚相见，鼓励他丢掉“包袱”轻装上阵，一方面帮他贷款５０００元，在镇政府...,2
196,...起他们股份制改造一举成功时，感慨万千。这个历经４０年风雨、包袱沉重的国有大型企业，直接改造为国际上市公司的现...,2
197,...羊峪大队是昔阳县的老先进单位，前几年由于背上了“老模范”的包袱，工作一直上不去，粮食产量一直停留在五百斤左右...,2
198,...马三立的相声亲切、自然，风格独特。他在表演中总是巧妙地抖出包袱，娱乐观众。马老是位贴近民间的艺术家，他总是以...,3
199,...！尼亚加拉瀑布~~爱旅行、爱风景，就关注忘了画中人~首席太有包袱了首席这招谁都会....ETS=催眠药生产公司花一开我们...,3
200,...一些小包袱，三五百字就来一个小包袱，大的情节转折就来一个大包袱。网络文学的长度，就网络小说而言，目前一般为一...,3
201,...果断顶信心爆棚?一直挺喜欢高晓攀的，这事有点意思！这么大的包袱。真的是说相声的盼着死同行哇。我不能想象我可以...,3
202,"越来越相信相由心生了我老婆从起床就跟打了鸡血一样不停抖包袱	。我装听不见，打哈欠，骂街都阻止不了她的幽默。",3
203,"我说恐怕要把“中间的都不算”这句话删去，因为这是一句“挡包袱	”（妨碍观众大笑）的话。",3
204,"越来越相信相由心生了我老婆从起床就跟打了鸡血一样不停抖包袱	。我装听不见，打哈欠，骂街都阻止不了她的幽默。",3
205,"我说恐怕要把“中间的都不算”这句话删去，因为这是一句“挡包袱	”（妨碍观众大笑）的话。",3
206,"风雨袭来，你准备好了没有？这有点像相声中的“抖包袱	”，先是不动声色的平铺直叙，到一个关口突然点出玄机。",3
207,作品利用这位藏族妇女汉语表达不清的特点，抖出了一连串的“包袱”，使观众在笑声里感受到藏族人民对解放军的爱戴和信任。,3
208,"著名相声演员姜昆和郑健搭档，不断甩出“包袱	”，引得全场观众前仰后合、开怀大笑；",3
209,"注重社会责任的相声要把包袱抖响，不然就失去了听众；	包袱	抖得响的相声，还要看抖得高级不高级，不然恐怕真的会沦为“下三滥…",3
210,"以一当十，小中见大，铺垫后的“包袱	”抖得要脆要响，要含蓄隽永，令人长久回味。",3
211,"随着一个个“包袱	”抖落，人物形象显得更丰满、更生动，“不美之处最美”是夏雨田的独特风格。",3
212,"把观众的情绪推向高潮，你听那高亢的声音、醇厚的韵味，一个个甩得又脆又响的“包袱	”，不时叩击着观众的心扉，引发出全场雷鸣般的笑声。",3
213,"而电视喜剧是综合艺术，那些局部的小精彩、小幽默和“抖包袱	”，不足以支撑起像《刘老根》这样一部长达18集的大戏，没有好看的故事，缺少喜剧应有的冲突",3
214,"森迎柏口中的“包袱	”，乃是在荆州刘表去世，继位的公子刘琮又投降以后，情愿离乡背井，跟着刘备一行人往南撤退",3
215,"我认为要尊重相声的创作规律，只有思想主题没有“包袱	”，那不是相声，充其量是“对口词”。",3
216,"逗通常是主角，负责把笑话本身说出来，术语称为“装包袱	”；捧的工作为衬托气氛，除了在逗的表演出现缺口时，以“喔！",3
217,"母亲依然是坐在织机旁，依然是一梭一梭地织布，依然是与沉重的织机声相伴，依然是送包袱	……戏剧最怕场景与动作的重复，而郎咸芬的表演抓人，让人动情，于重复之中有变化，于重复之",3
218,"有些共同的风格，夸张滑稽的形体、匪夷所思的想像、紧凑生动的情节、捧腹大笑的喜剧包袱	……还别说，全世界人民都好这一口。",3
219,"，并不喊冤，口里依旧念着三块、六块、五块……仿佛要强迫自己记住，类似笑话里的“包袱	、雨伞、我”。",3
220,"许多戏曲剧团只注意了翻箱底、抖	包袱	，把许多有毒素的东西也原封不动的搬上舞台，而很少注意整理、加工。",3
221,"有的影片把重要的环节包藏起来，先是旁敲侧击，然后才“抖	包袱	”，如《钢丝网水泥农船》中密封舱的处理；有的影片则是按照事物本…",3
222,"打清末到现在一百多年，这么多老先生，把中国语言里边能够构成	包袱	笑料的技巧都提炼出来摆在这儿了。",3
223,"一个接一个的小段子，	包袱	不断，观众的情绪高涨到了顶点。时至子夜，不但没什么人退场，反而…",3
224,"流相声演员很在乎的评级、评奖而言，郭德纲自己的标语是：严禁	包袱	不响。如果今天台下的观众不笑，那很可能明天就没有饭吃了。",3
225,"观众仍然听得津津有味，耐心地等，知道最后准有意想不到的	包袱	。一方面是天津观众非常幽默，不喜欢听浅显的，喜欢耐人寻味的段子。",3
226,"...正懂了什么叫“把点开活”——面对不同类型的观众，要拿出不同的	包袱	和作品。这是有讲究的。没经验的时候，我上台就演，结果发现包袱不…",3
227,"...严丝合缝。现在有些演员创作时，会“预设”观众说什么，演员推进	包袱	的主动性没了，我认为这对相声演员的成长不是很好。",3
228,"...包袱和作品。这是有讲究的。没经验的时候，我上台就演，结果发现	包袱	不响、观众“听不懂”。现在呢，我会对观众有个预判，演完了根据反…",3
229,"...杂学唱》等经典段子拿出来，一点点研究：哪段好笑，怎么换气口，	包袱	怎么垫……这些传统相声技巧性很强，把它们吃透了，就有了点基础。",3
230,"...一时，终将陷入沉寂。我父亲晚年时，经常在台上说了十多分钟没使	包袱	，观众仍然听得津津有味，耐心地等，知道最后准有意想不到的包袱。…",3
231,"...美感。”他多次告诫我，说相声是有底线的，绝不能拿观众找乐子，	包袱	要谑而不虐，格调低下的不要说，因为说完你自己就成了段子里那个俗…",3
232,"...活力。马氏相声被大家推崇，得益于贴近生活，人物刻画细腻生动。	包袱	笑料的特点讲究意料之外、情理之中，马氏相声往往是直接从生活点滴…",3
233,"	...，接地气，要把观众留住，必须研究观众的心理。如果仅仅是简单的	包袱	堆砌，这样的艺术是纯粹的机巧，难以真正触碰观众的心灵。没有共鸣…",3
234,"...包袱和作品。这是有讲究的。没经验的时候，我上台就演，结果发现	包袱	不响、观众“听不懂”。现在呢，我会对观众有个预判，演完了根据反…",3
235,"...就有一个笑料。相声演员可以看、可以学，但不能照搬。你讲了9个	包袱	，都不错，但第十个是抄的，观众会立刻觉得，你的相声是重复别人的…",3
236,"...中途休息，大伙儿就坐在阴凉地儿等候，“现在，我趁机讲段子、抖	包袱	，气氛活跃了，游客热情高涨。”",3
237,"...关系，演员预设包袱、抖包袱，观众笑起来，演员再根据笑声接着抖	包袱	，把情节不断推进。所以，喜剧是创作者和接收者双方互动融合达成的…",3
238,"...声大笑。但如果在剧场看喜剧，会感到严肃而笑不出来。当一个喜剧	包袱	出现，观众首先左看右看，观察别人笑没笑，整个剧场好像被一根绳子…",3
239,"...哈哈哈”的笑声，众人才放心地笑起来。由此可见，喜剧人要设计好	包袱	，把握好尺度和节奏，带着观众养成笑的习惯。",3
240,"...结构和讲故事，仅仅用无厘头来解决故事中的矛盾冲突，想着怎样抓	包袱	“挠人痒痒”惹人笑，这就会成为问题。创造笑声是创作者的出发点，…",3
241,"...问题。创造笑声是创作者的出发点，但不是创作的手段。眼里只有“	包袱	”，不去好好地结构故事，我觉得是本末倒置，也导致演员表演上的急…",3
242,"　喜剧是制造笑声的艺术，价值观上立得住的“	包袱	”才留得下、传得远。《金牌喜剧班》集中表达人们对美好和幸福的追…",3
243,"...底蕴等仍是制约喜剧发展的重要因素。低俗矫揉的桥段、千篇一律的	包袱	，不可能赢得观众的心。面向时代、面向生活、面向大众，才能激发优…",3
244,"...统文化，我到台湾一点陌生感都没有，有很多我认为可能听不懂的“	包袱	”，他们竟然全都懂，而且观众和演员之间有种很自然的默契和亲近感…",3
245,"一个自认为会抖包袱的人，已早就被社会当“	包袱	”给抖掉了！他还一个劲的在乱抖！都这年纪了，您老不怕抖散架？呵…",3
246,"	...作者闻华舰在谈到自己的微博写作感受时认为，微博小说每节都要有	包袱	、有完整的叙事点；故事情节最好能够围绕微博发展，比如小说里有微…",3
247,"让人买账得“活儿”好，在相声里，关键看	包袱	抖得好不好，能不能让人笑。对此，郭德纲曾发表言论说：“相声就是…",3
248,"...我只管搞笑。”他暗地嘲笑某些人注重相声的道德内涵，却抖不响“	包袱	”，并颇以“搞笑”能力而自信满满。这里的关键在于，他不但将自己…",3
249,"...境是相同的。在文艺形式更加多样、娱乐手段无处不在的今天，要想	包袱	个个抖得响，受到大众持续不断的掌声，已经越来越难。市场中的相声…",3
250,"...段。他们的段子不挠人痒痒却令人捧腹，不事道德说教却令人觉悟，	包袱	里浓缩着精妙的智慧和想象力。要我说，这就是高级的相声，有“范儿…",3
,,
,,
